INSERT IGNORE INTO tb_admin (id, username, password, name, tele) VALUES
('A1001', 'admin01', '123456', '教务管理员', '13800000001'),
('A1002', 'admin02', '123456', '系统管理员', '13800000002');

INSERT IGNORE INTO tb_teacher (id, username, password, numb, tname, tbirthday, tposition, ttel, age, gender) VALUES
('T2001', 't_zhang', '123456', '2024001', '张若琳', '1987-09-12 00:00:00', '教授', '13810010001', 37, '女'),
('T2002', 't_li', '123456', '2024002', '李振华', '1985-03-21 00:00:00', '副教授', '13810010002', 39, '男'),
('T2003', 't_sun', '123456', '2024003', '孙启明', '1990-01-16 00:00:00', '讲师', '13810010003', 34, '男'),
('T2004', 't_chen', '123456', '2024004', '陈清越', '1988-07-08 00:00:00', '副教授', '13810010004', 36, '女'),
('T2005', 't_wang', '123456', '2024005', '王思哲', '1986-12-09 00:00:00', '教授', '13810010005', 38, '男'),
('T2006', 't_zhao', '123456', '2024006', '赵南星', '1992-05-11 00:00:00', '讲师', '13810010006', 32, '女'),
('T2007', 't_he', '123456', '2024007', '何嘉木', '1989-11-02 00:00:00', '实验中心主任', '13810010007', 35, '男'),
('T2008', 't_xu', '123456', '2024008', '许安宁', '1991-04-19 00:00:00', '讲师', '13810010008', 33, '女');

INSERT IGNORE INTO tb_student (id, username, password, numb, sname, sdept, sbirthday, tele, ssex, age, smajor, sclass) VALUES
('S3001', 'stu_chen', '123456', '2023001', '陈知远', '信息工程学院', '2004-03-11 00:00:00', '13920010001', '男', 20, '软件工程', '软工2301'),
('S3002', 'stu_lin', '123456', '2023002', '林晚晴', '信息工程学院', '2004-06-20 00:00:00', '13920010002', '女', 20, '网络工程', '网工2301'),
('S3003', 'stu_qin', '123456', '2023003', '秦语桐', '数据科学学院', '2003-12-09 00:00:00', '13920010003', '女', 21, '数据科学', '数科2301'),
('S3004', 'stu_peng', '123456', '2023004', '彭浩宇', '人工智能学院', '2004-01-18 00:00:00', '13920010004', '男', 20, '人工智能', '智科2302'),
('S3005', 'stu_yao', '123456', '2023005', '姚一鸣', '人工智能学院', '2004-09-04 00:00:00', '13920010005', '男', 20, '机器人工程', '机器人2301'),
('S3006', 'stu_gu', '123456', '2023006', '顾星澜', '商学院', '2003-11-23 00:00:00', '13920010006', '女', 21, '电子商务', '电商2301'),
('S3007', 'stu_tan', '123456', '2023007', '谭乐川', '信息工程学院', '2004-07-29 00:00:00', '13920010007', '男', 20, '软件工程', '软工2302'),
('S3008', 'stu_xie', '123456', '2023008', '谢听雨', '设计学院', '2004-08-15 00:00:00', '13920010008', '女', 20, '数字媒体', '数媒2301'),
('S3009', 'stu_han', '123456', '2023009', '韩景尧', '数据科学学院', '2004-04-28 00:00:00', '13920010009', '男', 20, '大数据技术', '大数2301'),
('S3010', 'stu_song', '123456', '2023010', '宋知夏', '商学院', '2003-10-10 00:00:00', '13920010010', '女', 21, '金融科技', '金科2301'),
('S3011', 'stu_zhou', '123456', '2023011', '周墨', '人工智能学院', '2004-02-14 00:00:00', '13920010011', '男', 20, '人工智能', '智科2301'),
('S3012', 'stu_fan', '123456', '2023012', '范可欣', '设计学院', '2004-05-17 00:00:00', '13920010012', '女', 20, '交互设计', '交设2301');

INSERT IGNORE INTO tb_course (id, name, score, numb, tid, jianjie) VALUES
('C4001', 'Java Web开发', 3.5, 'K23001', 'T2001', '覆盖 Web 应用开发、接口设计、部署发布与项目协作。'),
('C4002', '数据库原理', 3.0, 'K23002', 'T2002', '关注关系模型、SQL 优化、事务处理与索引设计。'),
('C4003', '软件架构设计', 2.5, 'K23003', 'T2003', '围绕模块划分、系统分层与可维护性展开实践。'),
('C4004', '前端交互设计', 2.0, 'K23004', 'T2004', '聚焦页面结构、交互流程、组件协作和体验表达。'),
('C4005', '数据结构', 4.0, 'K23005', 'T2005', '强调线性表、树、图与算法复杂度分析。'),
('C4006', '操作系统', 3.5, 'K23006', 'T2002', '包含进程线程、存储管理、文件系统与并发控制。'),
('C4007', '人工智能导论', 2.5, 'K23007', 'T2006', '介绍搜索、推理、机器学习基础和典型应用场景。'),
('C4008', '网络安全基础', 2.5, 'K23008', 'T2007', '围绕认证授权、常见漏洞、防护策略与安全规范。'),
('C4009', '云原生应用开发', 2.5, 'K23009', 'T2001', '涵盖容器化部署、配置管理、日志监控和服务协作。'),
('C4010', '数字产品策划', 2.0, 'K23010', 'T2008', '训练需求分析、竞品研究、方案表达与项目复盘。'),
('C4011', '创新创业实践', 1.5, 'K23011', '', '为跨学院项目预留课程，等待学院完成任课教师安排。');

INSERT IGNORE INTO tb_sct (id, courseid, studentId, teaid, score, createtime) VALUES
('R5001', 'C4001', 'S3001', 'T2001', 92, '2026-03-01 09:00:00'),
('R5002', 'C4002', 'S3001', 'T2002', 88, '2026-03-01 10:30:00'),
('R5003', 'C4003', 'S3001', 'T2003', 0, '2026-03-02 08:40:00'),
('R5004', 'C4004', 'S3002', 'T2004', 91, '2026-03-02 09:20:00'),
('R5005', 'C4005', 'S3002', 'T2005', 86, '2026-03-03 08:15:00'),
('R5006', 'C4007', 'S3003', 'T2006', 95, '2026-03-03 09:25:00'),
('R5007', 'C4002', 'S3003', 'T2002', 90, '2026-03-03 10:35:00'),
('R5008', 'C4008', 'S3004', 'T2007', 89, '2026-03-04 11:10:00'),
('R5009', 'C4007', 'S3004', 'T2006', 93, '2026-03-04 14:05:00'),
('R5010', 'C4007', 'S3005', 'T2006', 87, '2026-03-05 08:45:00'),
('R5011', 'C4010', 'S3006', 'T2008', 90, '2026-03-05 09:40:00'),
('R5012', 'C4009', 'S3007', 'T2001', 88, '2026-03-05 10:50:00'),
('R5013', 'C4001', 'S3007', 'T2001', 90, '2026-03-06 08:20:00'),
('R5014', 'C4006', 'S3010', 'T2002', 84, '2026-03-06 10:00:00'),
('R5015', 'C4003', 'S3009', 'T2003', 93, '2026-03-06 11:15:00'),
('R5016', 'C4004', 'S3012', 'T2004', 0, '2026-03-07 08:55:00'),
('R5017', 'C4010', 'S3012', 'T2008', 95, '2026-03-07 09:50:00'),
('R5018', 'C4008', 'S3011', 'T2007', 87, '2026-03-07 10:40:00'),
('R5019', 'C4005', 'S3008', 'T2005', 92, '2026-03-08 08:30:00'),
('R5020', 'C4009', 'S3006', 'T2001', 0, '2026-03-08 09:35:00'),
('R5021', 'C4006', 'S3002', 'T2002', 85, '2026-03-08 10:40:00'),
('R5022', 'C4002', 'S3011', 'T2002', 89, '2026-03-08 11:30:00');
